Fall 2016 Question Code	Spring 2016 Code	Question Text	Data type	Data values	Exclude from	Order Asked	Scenario	Location	Aspect	Serial	Volume?	Layout?	Privacy?	Location	Operability	Efficiency	Accessibility	Reconfigurability	Experience	Nationality	Anthropometry
crew_time	crew_test_date_	Timestamp	Free response			0	crew		time		0	0	0	0	0	0	0	0	0	0	0
crew_name	crew_id_name_	Your name	Free response			1	crew		name		0	0	0	0	0	0	0	0	0	0	0
crew_test	crew_test_number_	Test Number	Count			2	crew		test		0	0	0	0	0	0	0	0	0	0	0
crew_id	crew_id_number_	Crew Member ID	Categorical	1;2;3;4		3	crew		id		0	0	0	0	0	0	0	0	0	0	0
crew_prior		Have you participated in this test before?	Categorical	"No;Yes, in Spring 2016;Yes, in Fall 2016 (please notify your test conductor now)"		4	crew		prior		0	0	0	0	0	0	0	0	1	0	0
crew_gender		What is your gender?	Categorical	Male;Female;Other		6	crew		gender		0	0	0	0	0	0	0	0	0	0	0
crew_age	crew_experience_age_	What is your age?	Continuous	years		7	crew		age		0	0	0	0	0	0	0	0	0	0	0
crew_national		What was your nationality at birth?	Free response			8	crew		national		0	0	0	0	0	0	0	0	0	1	0
crew_travel		Have you lived outside of the United States longer than one year?	Binary	Yes;No		12	crew		travel		0	0	0	0	0	0	0	0	0	1	0
crew_work	crew_experience_profession_	What is your current occupation?	Free response			13	crew		work		0	0	0	0	0	0	0	0	1	0	0
crew_major	crew_experience_major_	What is or was your undergraduate major?	Free response			14	crew		major		0	0	0	0	0	0	0	0	1	0	0
crew_flight_01	crew_experience_aircraft_	Do you have experience piloting aircraft?	Binary	Yes;No		15	crew		flight	1	0	0	0	0	0	0	0	0	1	0	0
crew_flight_02	crew_experience_aircraft_time	How many hours have you spent in control of an aircraft?	Continuous	hours		16	crew		flight	2	0	0	0	0	0	0	0	0	1	0	0
crew_experience		Select all of the experiences that apply to you	Multiple selection	"Received a flight lesson;Non-pilot flight crew member;General aviation pilot;Instrument rating;Commercial pilot;Military pilot;Test pilot;Zero-g aircraft;Simulated spaceflight;Long-duration spaceflight simulation;Astronaut;Long-duration astronaut;Worked with human-spaceflight hardware;Worked in an environment in which four or more people shared sleeping space;Worked on oceangoing vessels, offshore platforms, submarines, or underwater habitats;Worked in Antarctica, Greenland, or other polar envrionments;Worked at a remote military outpost or forward operating base;Worked in a facility not accessible by paved road"		17	crew		experience		0	0	0	0	0	0	0	0	1	0	0
crew_experience_c		Briefly explain your experiences below	Comment			18	crew		experience		0	0	0	0	0	0	0	0	1	0	0
crew_space_01	crew_experience_space_	Do you have experience flying in space?	Binary	Yes;No		19	crew		space	1	0	0	0	0	0	0	0	0	1	0	0
crew_space_02	crew_experience_space_nflights	Number of spaceflights	Count			20	crew		space	2	0	0	0	0	0	0	0	0	1	0	0
crew_space_03	crew_experience_space_time	Hours in space	Continuous	hours		21	crew		space	3	0	0	0	0	0	0	0	0	1	0	0
crew_space_04	crew_experience_longduration_	Long duration?	Binary	Yes;No		22	crew		space	4	0	0	0	0	0	0	0	0	1	0	0
crew_height	crew_anthropometry_height_	Height (inches)	Continuous	inches		23	crew		height		0	0	0	0	0	0	0	0	0	0	1
crew_shoulder	crew_anthropometry_shoulderwidth_	Bideltoid Breadth (inches)	Continuous	inches		24	crew		shoulder		0	0	0	0	0	0	0	0	0	0	1
crew_thumb	crew_anthropometry_thumbtip_	Thumb-Tip Reach (inches)	Continuous	inches		25	crew		thumb		0	0	0	0	0	0	0	0	0	0	1
activation_hch_locking_01	activation_hch	Rate the operability of the locking mechanism of the hatch leading from the PCM to the HAB	Ordinal	1 - Completely inoperable; 6 - Completely operable	T01	27	activation	hch	locking	1	0	0	0	0	1	1	0	0	0	0	0
activation_hch_locking_02		Rate the operability of the locking mechanism of the hatch leading from the HAB to the PCM	Ordinal	1 - Completely inoperable; 6 - Completely operable		28	activation	hch	locking	2	0	0	0	0	1	1	0	0	0	0	0
activation_hch_feedback		Use this space to explain your previous answers or provide additional feedback regarding the hatches	Free response			29	activation	hch	feedback		0	0	0	0	0	1	0	0	0	0	0
activation_ich_interference		To what extent did the movement of other crew members adversely affect your ability to perform your activation tasks? 	Ordinal	1 - A great deal; 6 - Not at all		30	activation	ich	interference		0	0	0	0	1	1	0	0	0	0	0
activation_slp_interference		To what degree did the presence of other crew members adversely affect your attempt to configure your sleep station?	Ordinal	2 - A great deal; 6 - Not at all		31	activation	slp	interference		1	1	0	0	1	1	0	1	0	0	0
activation_ich_feedback		Use this space to explain your previous answers or provide additional feedback for this scenario	Free response			32	activation	ich	feedback		0	0	0	0	0	1	0	0	0	0	0
morning_slp_overall	morning_sleep_general_	Rate the overall acceptability of the crew sleeping quarters	Ordinal	1 - Completely unacceptable; 6 - Completely acceptable		33	morning	slp	overall		0	0	0	0	0	0	0	0	0	0	0
morning_slp_volume_01	morning_sleep_sleep_volume	Rate the acceptability of the following aspects of the sleep stations for the tasks you performed [Volume for sleeping]	Ordinal	1 - Completely unacceptable; 6 - Completely acceptable		34	morning	slp	volume	1	1	0	0	0	0	1	0	0	0	0	0
morning_slp_volume_02	morning_sleep_hygiene_volume	Rate the acceptability of the following aspects of the sleep stations for the tasks you performed [Volume for personal hygiene]	Ordinal	1 - Completely unacceptable; 6 - Completely acceptable		35	morning	slp	volume	2	1	0	0	0	0	1	0	0	0	0	0
morning_slp_location_01		Rate the acceptability of the following aspects of the sleep stations for the tasks you performed [Location within habitat]	Ordinal	1 - Completely unacceptable; 6 - Completely acceptable		36	morning	slp	location	1	0	1	0	1	0	0	0	0	0	0	0
morning_slp_location_02	morning_sleep_others_location	Rate the acceptability of the following aspects of the sleep stations for the tasks you performed [Proximity to other sleep stations]	Ordinal	1 - Completely unacceptable; 6 - Completely acceptable		37	morning	slp	location	2	0	1	0	1	0	0	0	0	0	0	0
morning_slp_privacy	morning_sleep_privacy_	Rate the acceptability of the following aspects of the sleep stations for the tasks you performed [Privacy]	Ordinal	1 - Completely unacceptable; 6 - Completely acceptable		38	morning	slp	privacy		0	0	1	0	0	0	0	0	0	0	0
morning_slp_depth		Rate the acceptability of the following aspects of the sleep stations for the tasks you performed [Depth (entrance to external wall)]	Ordinal	1 - Completely unacceptable; 6 - Completely acceptable		39	morning	slp	depth		1	1	0	0	0	0	1	0	0	0	0
morning_slp_width	morning_sleep_width_	Rate the acceptability of the following aspects of the sleep stations for the tasks you performed [Entrance width]	Ordinal	1 - Completely unacceptable; 6 - Completely acceptable		40	morning	slp	width		1	1	0	0	0	0	1	0	0	0	0
morning_slp_height	morning_sleep_height_	Rate the acceptability of the following aspects of the sleep stations for the tasks you performed [Height]	Ordinal	1 - Completely unacceptable; 6 - Completely acceptable		41	morning	slp	height		1	1	0	0	0	0	1	0	0	0	0
morning_slp_layout		Rate the acceptability of the following aspects of the sleep stations for the tasks you performed [Internal layout (of personal items)]	Ordinal	1 - Completely unacceptable; 6 - Completely acceptable		42	morning	slp	layout		0	1	0	0	0	1	0	0	0	0	0
morning_slp_operability		Rate the acceptability of the following aspects of the sleep stations for the tasks you performed [Operability]	Ordinal	1 - Completely unacceptable; 6 - Completely acceptable		43	morning	slp	operability		0	0	0	0	1	1	0	1	0	0	0
morning_slp_cluster	morning_sleep_cluster_	Would you rather have crew sleeping quarters more clustered together or more spread out?	Categorical	More clustered;Acceptable as is;More spread out		44	morning	slp	cluster		0	1	1	0	0	1	0	0	0	0	0
morning_slp_feedback		Use this space to explain your previous answers or provide additional feedback regarding the sleep stations	Free response			45	morning	slp	feedback		0	0	0	0	0	1	0	0	0	0	0
morning_gly_volume		Rate the overall acceptability of the following aspects of the galley for the tasks you performed [Volume]	Ordinal	1 - Completely unacceptable; 6 - Completely acceptable		46	morning	gly	volume		1	0	0	0	0	1	0	0	0	0	0
morning_gly_layout		Rate the overall acceptability of the following aspects of the galley for the tasks you performed [Layout]	Ordinal	1 - Completely unacceptable; 6 - Completely acceptable		47	morning	gly	layout		0	1	0	0	0	1	0	0	0	0	0
morning_gly_location		Rate the overall acceptability of the following aspects of the galley for the tasks you performed [Location]	Ordinal	1 - Completely unacceptable; 6 - Completely acceptable		48	morning	gly	location		0	0	0	1	0	1	0	0	0	0	0
morning_gly_operability		Rate the overall acceptability of the following aspects of the galley for the tasks you performed [Operability]	Ordinal	1 - Completely unacceptable; 6 - Completely acceptable		49	morning	gly	operability		0	0	0	0	1	1	0	1	0	0	0
morning_gly_room	morning_galley_table_room	Rate the overall acceptability of the following aspects of the galley for the tasks you performed [Room available to eat together]	Ordinal	1 - Completely unacceptable; 6 - Completely acceptable		50	morning	gly	room		1	1	0	0	1	1	1	0	0	0	0
morning_gly_table_01	morning_table_location_	Rate the efficiency of the locations of the following [Table]	Ordinal	1 - Completely inefficient; 6 - Completely efficient		51	morning	gly	table	1	0	0	0	0	0	1	1	0	0	0	0
morning_gly_oven	morning_galley_oven_location	Rate the efficiency of the locations of the following [Oven]	Ordinal	1 - Completely inefficient; 6 - Completely efficient		52	morning	gly	oven		0	0	0	0	0	1	1	0	0	0	0
morning_gly_food	morning_galley_foodstorage_location_	Rate the efficiency of the locations of the following [Food Storage]	Ordinal	1 - Completely inefficient; 6 - Completely efficient		53	morning	gly	food		0	0	0	0	0	1	1	0	0	0	0
morning_gly_waste	morning_galley_efficiency_	Rate the efficiency of the locations of the following [Waste Bag]	Ordinal	1 - Completely inefficient; 6 - Completely efficient		54	morning	gly	waste		0	0	0	0	0	1	1	0	0	0	0
morning_gly_rehydration	morning_galley_rehydration_location	Rate the efficiency of the locations of the following [Rehydration System]	Ordinal	1 - Completely inefficient; 6 - Completely efficient		55	morning	gly	rehydration		0	0	0	0	0	1	1	0	0	0	0
morning_gly_water		Rate the efficiency of the locations of the following [Potable Water Dispenser]	Ordinal	1 - Completely inefficient; 6 - Completely efficient			morning	gly	water		0	0	0	0	0	1	1	0	0	0	0
morning_gly_table_02	morning_galley_table_collapsed	"Would you rather have the table collapsed after meals, or have it available as a surface to use for other purposes throughout the day?"	Binary	Collapsed;Available		56	morning	gly	table	2	0	1	0	0	1	1	0	0	0	0	0
morning_gly_feedback		Use this space to explain your previous answers or provide additional feedback regarding the galley	Free response			57	morning	gly	feedback		0	0	0	0	0	1	0	0	0	0	0
morning_cmd_volume	morning_command_layout_	Rate the overall acceptability of the following aspects of the command station for the tasks you performed [Room to stand together]	Ordinal	1 - Completely unacceptable; 6 - Completely acceptable		58	morning	cmd	volume		1	1	0	0	1	1	1	0	0	0	0
morning_cmd_height	morning_command_accessibility_	Rate the overall acceptability of the following aspects of the command station for the tasks you performed [Height of panels]	Ordinal	1 - Completely unacceptable; 6 - Completely acceptable		59	morning	cmd	height		1	1	0	0	0	0	1	0	0	0	0
morning_cmd_layout	morning_command_personal_	Rate the overall acceptability of the following aspects of the command station for the tasks you performed [Layout]	Ordinal	1 - Completely unacceptable; 6 - Completely acceptable		60	morning	cmd	layout		0	1	0	0	0	1	0	0	0	0	0
morning_cmd_location	morning_command_skype_	Rate the overall acceptability of the following aspects of the command station for the tasks you performed [Location]	Ordinal	1 - Completely unacceptable; 6 - Completely acceptable		61	morning	cmd	location		0	0	0	1	0	1	0	0	0	0	0
morning_cmd_privacy	morning_command_skype_	Rate the acceptability of the command center location in the habitat for personal communication (e.g. a phone call or Skype) with friends and family.	Ordinal	1 - Completely unacceptable; 6 - Completely acceptable		63	morning	cmd	privacy		0	0	1	1	0	0	1	0	0	0	0
morning_cmd_privacy_01	morning_command_personal_	"For personal communications (e.g. a phone call or Skype) with friends and family, would you prefer to talk/video conference in a private or  communal space?"	Categorical	Private;Communal			morning	cmd	privacy	1	0	0	1	1	0	0		0	0	0	0
morning_cmd_feedback		Use this space to explain your previous answers or provide additional feedback regarding the command station	Free response			64	morning	cmd	feedback		0	0	0	0	0	1	0	0	0	0	0
work_tec_volume		Rate the overall acceptability of the following aspects of the technology development station for the tasks you performed [Volume]	Ordinal	1 - Completely unacceptable; 6 - Completely acceptable	"T01CM3,T01CM4"	65	work	tec	volume		1	0	0	0	0	1	0	0	0	0	0
work_tec_layout		Rate the overall acceptability of the following aspects of the technology development station for the tasks you performed [Layout]	Ordinal	1 - Completely unacceptable; 6 - Completely acceptable	"T01CM3,T01CM4"	66	work	tec	layout		0	1	0	0	0	1	0	0	0	0	0
work_tec_location		Rate the overall acceptability of the following aspects of the technology development station for the tasks you performed [Location]	Ordinal	1 - Completely unacceptable; 6 - Completely acceptable	"T01CM3,T01CM4"	67	work	tec	location		0	0	0	1	0	1	0	0	0	0	0
work_tec_operability		Rate the overall acceptability of the following aspects of the technology development station for the tasks you performed [Operability]	Ordinal	1 - Completely unacceptable; 6 - Completely acceptable	"T01CM3,T01CM4"	68	work	tec	operability		0	0	0	0	1	1	0	0	0	0	0
work_tec_accessibility		Rate the overall acceptability of the following aspects of the technology development station for the tasks you performed [Accessibility of connection ports]	Ordinal	1 - Completely unacceptable; 6 - Completely acceptable	"T01CM3,T01CM4"	69	work	tec	accessibility		0	0	0	0	0	1	1	0	0	0	0
work_tec_configurability		Rate the overall acceptability of the following aspects of the technology development station for the tasks you performed [Configurability of hardware rack]	Ordinal	1 - Completely unacceptable; 6 - Completely acceptable	"T01CM3,T01CM4"	70	work	tec	configurability		0	0	0	0	0	1	0	1	0	0	0
work_str_location_01	work_science_toolstorage_	Rate the acceptability of the location of the tool storage with respect to the technology development station	Ordinal	1 - Completely unacceptable; 6 - Completely acceptable	"T01CM3,T01CM4"	71	work	str	location	1	0	1	0	1	0	1	0	0	0	0	0
work_tec_interference		To what degree did the presence of other crew members adversely affect your installation of the WPA hardware?	Ordinal	1 - Completely unacceptable; 6 - Completely acceptable	"T01CM3,T01CM4"	72	work	tec	interference		1	1	0	0	1	1	0	0	0	0	0
work_hch_width		Rate the acceptability of the following aspects of the habitat for hardware transfer from the PCM to HAB [Width of hatches]	Ordinal	1 - Completely unacceptable; 6 - Completely acceptable	"T01CM3,T01CM4"	73	work	hch	width		1	1	0	0	0	0	1	0	0	0	0
work_hch_height		Rate the acceptability of the following aspects of the habitat for hardware transfer from the PCM to HAB [Height of hatches]	Ordinal	1 - Completely unacceptable; 6 - Completely acceptable	"T01CM3,T01CM4"	74	work	hch	height		1	1	0	0	0	0	1	0	0	0	0
work_ich_interference		Rate the acceptability of the following aspects of the habitat for hardware transfer from the PCM to HAB [Presence of air ducting in hatchway]	Ordinal	1 - Completely unacceptable; 6 - Completely acceptable	"T01CM3,T01CM4"	75	work	ich	interference		1	1	0	0	1	0	1	0	0	0	0
work_slp_interference_01		Rate the acceptability of the following aspects of the habitat for hardware transfer from the PCM to HAB [Location of sleep station 1]	Ordinal	1 - Completely unacceptable; 6 - Completely acceptable	"T01CM3,T01CM4"	76	work	slp	interference	1	0	1	0	1	0	1	1	0	0	0	0
work_slp_interference_02		Rate the acceptability of the following aspects of the habitat for hardware transfer from the PCM to HAB [Location of sleep station 2]	Ordinal	1 - Completely unacceptable; 6 - Completely acceptable	"T01CM3,T01CM4"	77	work	slp	interference	2	0	1	0	1	0	1	1	0	0	0	0
work_tec_feedback		Use this space to explain your previous answers or provide additional feedback regarding the technology development station	Free response		"T01CM3,T01CM4"	78	work	tec	feedback		0	0	0	0	0	1	0	0	0	0	0
work_exr_volume		Rate the overall acceptability of the following aspects of the exercise area for the tasks you performed [Volume]	Ordinal	1 - Completely unacceptable; 6 - Completely acceptable	T01CM2	79	work	exr	volume		1	0	0	0	0	1	0	0	0	0	0
work_exr_layout		Rate the overall acceptability of the following aspects of the exercise area for the tasks you performed [Layout]	Ordinal	1 - Completely unacceptable; 6 - Completely acceptable	T01CM2	80	work	exr	layout		0	1	0	0	0	1	0	0	0	0	0
work_exr_location		Rate the overall acceptability of the following aspects of the exercise area for the tasks you performed [Location]	Ordinal	1 - Completely unacceptable; 6 - Completely acceptable	T01CM2	81	work	exr	location		0	0	0	1	0	1	0	0	0	0	0
work_exr_accessibility		Rate the overall acceptability of the following aspects of the exercise area for the tasks you performed [Accessibility]	Ordinal	1 - Completely unacceptable; 6 - Completely acceptable	T01CM2	82	work	exr	accessibility		0	0	0	0	0	0	1	0	0	0	0
work_exr_operability		Rate the overall acceptability of the following aspects of the exercise area for the tasks you performed [Operability]	Ordinal	1 - Completely unacceptable; 6 - Completely acceptable	T01CM2	83	work	exr	operability		0	0	0	0	1	1	0	0	0	0	0
work_exr_privacy_01	emergency_exit_general_	Rate the overall acceptability of the following aspects of the exercise area for the tasks you performed [Privacy]	Ordinal	1 - Completely unacceptable; 6 - Completely acceptable	T01CM2	84	work	exr	privacy	1	0	0	1	0	0	0	0	0	0	0	0
work_exr_privacy_02		Rate the overall acceptability of the following aspects of the exercise area for the tasks you performed [Privacy]	Ordinal	1 - Completely unacceptable; 6 - Completely acceptable	T01CM2		work	exr	privacy	2	0	0	0	0	0	0	0	0	0	0	0
work_exr_feedback		Please explain your previous answers regarding the exercise space	Free response			85	work	exr	feedback		0	0	0	0	0	1	1	0	0	0	0
work_hyg_volume	work_hygiene_volume_	Rate the overall acceptability of the following aspects of the personal hygiene area for the tasks you performed [Volume]	Ordinal	1 - Completely unacceptable; 6 - Completely acceptable	T01	86	work	hyg	volume		1	0	0	0	0	1	0	0	0	0	0
work_hyg_layout	emergency_exit_training_	Rate the overall acceptability of the following aspects of the personal hygiene area for the tasks you performed [Layout]	Ordinal	1 - Completely unacceptable; 6 - Completely acceptable	T01	87	work	hyg	layout		0	1	0	0	0	1	0	0	0	0	0
work_hyg_location	work_hygiene_location_general	Rate the overall acceptability of the following aspects of the personal hygiene area for the tasks you performed [Location]	Ordinal	1 - Completely unacceptable; 6 - Completely acceptable	T01	88	work	hyg	location		0	0	0	1	0	1	0	0	0	0	0
work_hyg_accessibility	work_hygiene_location_general	Rate the overall acceptability of the following aspects of the personal hygiene area for the tasks you performed [Accessibility]	Ordinal	1 - Completely unacceptable; 6 - Completely acceptable	T01	89	work	hyg	accessibility		0	0	0	0	0	0	1	0	0	0	0
work_hyg_configurability		Rate the overall acceptability of the following aspects of the personal hygiene area for the tasks you performed [Configurability]	Ordinal	1 - Completely unacceptable; 6 - Completely acceptable	T01	90	work	hyg	configurability		0	0	0	0	0	0	0	1	0	0	0
work_hyg_operability		Rate the overall acceptability of the following aspects of the personal hygiene area for the tasks you performed [Operability]	Ordinal	1 - Completely unacceptable; 6 - Completely acceptable	T01	91	work	hyg	operability		0	0	0	0	1	1	0	0	0	0	0
work_hyg_privacy	work_hygiene_location_privacy	Rate the overall acceptability of the following aspects of the personal hygiene area for the tasks you performed [Privacy]	Ordinal	1 - Completely unacceptable; 6 - Completely acceptable	T01	92	work	hyg	privacy		0	0	1	0	0	0	0	0	0	0	0
work_hyg_feedback		Use this space to explain your previous answers or provide additional feedback regarding the hygiene space	Free response			93	work	hyg	feedback		0	0	0	0	0	1	0	0	0	0	0
work_sci_volume	work_science_space_	Rate the overall acceptability of the following aspects of the science station for the tasks you performed [Volume]	Ordinal	1 - Completely unacceptable; 6 - Completely acceptable	T01	94	work	sci	volume		1	0	0	0	0	1	0	0	0	0	0
work_sci_layout	work_science_location_proximity	Rate the overall acceptability of the following aspects of the science station for the tasks you performed [Layout]	Ordinal	1 - Completely unacceptable; 6 - Completely acceptable	T01	95	work	sci	layout		0	1	0	0	0	1	0	0	0	0	0
work_sci_location	work_science_location_usability	Rate the overall acceptability of the following aspects of the science station for the tasks you performed [Location]	Ordinal	1 - Completely unacceptable; 6 - Completely acceptable	T01	96	work	sci	location		0	0	0	1	0	1	0	0	0	0	0
work_sci_accessiblity	work_science_location_usability	Rate the overall acceptability of the following aspects of the science station for the tasks you performed [Accessibility]	Ordinal	1 - Completely unacceptable; 6 - Completely acceptable	T01	97	work	sci	accessiblity		0	0	0	0	0	0	1	0	0	0	0
work_str_location_02	work_science_toolstorage_	Rate the acceptability of the location of the tool storage with respect to the science station	Ordinal	1 - Completely unacceptable; 6 - Completely acceptable	T01	98	work	str	location	2	0	1	0	1	0	1	1	0	0	0	0
work_sci_interference	work_science_presence_	To what degree did the presence of other crew members adversely affect your tasks?	Ordinal	1 - Not at all; 6 - A great deal	T01	99	work	sci	interference		1	1	0	0	1	1	0	0	0	0	0
work_sci_feedback		Use this space to explain your previous answers or provide additional feedback on the science station	Free response			100	work	sci	feedback		0	0	0	0	0	1	0	0	0	0	0
work_emr_layout	emergency_exit_general_	Rate the acceptability of the emergency egress path	Ordinal	1 - Completely unacceptable; 6 - Completely acceptable		101	work	emr	layout		1	1	0	0	1	1	0	0	0	0	0
emr_emr_interference		To what degree did the presence of other crew members adversely affect your egress from the ICH?	Ordinal	1 - Not at all; 6 - A great deal		102	emr	emr	interference		1	1	0	0	1	1	0	0	0	0	0
emr_co2_operability		Rate the ease of operation of the quick-release ducting system	Ordinal	1 - Completely unacceptable; 6 - Completely acceptable		103	emr	co2	operability		0	0	0	0	0	1	0	0	0	0	0
emr_hch_efficiency_01		Rate the efficiency of the locking mechanism of the hatch leading from the HAB to the PCM	Ordinal	1 - Completely inefficient; 6 - Completely efficient		105	emr	hch	efficiency	1	0	0	0	0	0	1	0	0	0	0	0
emr_hch_efficiency_02		Rate the efficiency of the locking mechanism of the hatch leading from the PCM to the HAB	Ordinal	1 - Completely inefficient; 6 - Completely efficient		106	emr	hch	efficiency	2	0	0	0	0	0	1	0	0	0	0	0
emr_emr_training		"With training, could the 4-person crew successfully and safely egress to the Orion capsule in under one minute?"	Binary	Yes;No		107	emr	emr	training		1	1	0	0	1	1	0	0	0	0	0
emr_feedback		Use this space to explain your previous answers or provide additional feedback on the emergency egress path	Free response			108	emr		feedback		0	0	0	0	0	1	0	0	0	0	0
eva_hch_operability		Rate the operability of the hatch leading from the HAB to the airlock	Ordinal	1 - Completely inoperable; 6 - Completely operable		110	eva	hch	operability		0	0	0	0	1	1	0	0	0	0	0
eva_eva_size	eva_helpers_number_	Rate the acceptability of having 2 IV helpers per 2 EVA crew members	Ordinal	1 - Completely unacceptable; 6 - Completely acceptable	"T01CM2,T01CM1,T04CM3,T01CM4"	111	eva		eva_size		0	0	0	0	1	1	0	0	0	0	0
eva_feedback	eva_helpers_ideal_	How many total IV helpers would be ideal per EVA crew member?	Count		"T01CM2,T01CM1,T04CM3,T01CM4"	112	eva		feedback		0	0	0	0	0	1	0	0	0	0	0
eva_alk_effort_01	eva_itemremoval_effort_	Rate the acceptability of the physical effort in the suit transfer process from the airlock to the HAB	Ordinal	1 - Completely unacceptable; 6 - Completely acceptable	"T01CM2,T01CM1,T04CM3,T01CM4"	113	eva	alk	effort	1	0	0	0	0	0	1	0	0	0	0	0
eva_alk_effort_02	eva_itemremoval_effort_	Rate the acceptability of the suit transfer process from the airlock to the HAB	Ordinal	1 - Completely unacceptable; 6 - Completely acceptable	"T01CM2,T01CM1,T04CM3,T01CM4"	114	eva	alk	effort	2	1	1	0	0	1	1	0	0	0	0	0
eva_alk_transfer		Rate the acceptability of the suit transfer process from the airlock to the HAB	Ordinal	1 - Completely unacceptable; 6 - Completely acceptable	"T01CM2,T01CM1,T04CM3,T01CM4"	114	eva	alk	transfer		1	1	0	0	1	1	0	0	0	0	0
eva_alk_location_01	eva_panel_location_	Rate the acceptability of the location of the EVA panel ALK-F	Ordinal	1 - Completely unacceptable; 6 - Completely acceptable	"T01CM2,T01CM1,T04CM3,T01CM4"	115	eva	alk	location	1	0	1	0	1	1	1	1	0	0	0	0
eva_alk_layout	overall_ich_layout_	Rate the acceptability of the following aspects of the airlock [Layout]	Ordinal	1 - Completely unacceptable; 6 - Completely acceptable	"T01CM2,T01CM1,T04CM3,T01CM4"	116	eva	alk	layout		0	1	0	0	0	1	0	0	0	0	0
eva_alk_location		Rate the acceptability of the following aspects of the airlock [Location]	Ordinal	1 - Completely unacceptable; 6 - Completely acceptable	"T01CM2,T01CM1,T04CM3,T01CM4"	117	eva	alk	location		0	0	0	1	0	1	1	0	0	0	0
eva_alk_operability		Rate the acceptability of the following aspects of the airlock [Operability of panels]	Ordinal	1 - Completely unacceptable; 6 - Completely acceptable	"T01CM2,T01CM1,T04CM3,T01CM4"	118	eva	alk	operability		0	0	0	0	1	1	0	0	0	0	0
eva_alk_accessibility_01		Rate the acceptability of the following aspects of the airlock [Accessibility of panels]	Ordinal	1 - Completely unacceptable; 6 - Completely acceptable	"T01CM2,T01CM1,T04CM3,T01CM4"	119	eva	alk	accessibility	1	0	0	0	0	0	0	1	0	0	0	0
crew_filter		"In this scenario, were you an EVA astronaut or an intravehicular assistant?"	Categorical	EVA astronaut;Intravehicular assistant	"T01CM2,T01CM1,T04CM3,T01CM4"	121	crew		filter		0	0	0	0	0	0	0	0	0	0	0
eva_str_accessibility	overall_ich_safety_	Rate the accessibility of the pre-breathing equipment from storage	Ordinal	1 - Completely inaccessible; 6 - Completely accessible	"T01CM2,T01CM1,T04CM3,T01CM4"	122	eva	str	accessibility		0	0	0	1	0	0	1	0	0	0	0
eva_alk_accessibility_02	evaiv_suit_accessibility_	Rate the accessibility of the EVA suits	Ordinal	1 - Completely inaccessible; 6 - Completely accessible	"T01CM2,T01CM1,T04CM3,T01CM4"	123	eva	alk	accessibility	2	0	0	0	1	0	0	1	0	0	0	0
eva_alk_assistants		How helpful were the IV assistants in transferring the EVA suits from the airlock to the HAB?	Ordinal	1 - Completely unhelpful; 6 - Completely helpful	"T01CM2,T01CM1,T04CM3,T01CM4"	124	eva	alk	assistants		0	0	0	0	0	1	0	0	0	0	0
eva_alk_volume_02	evaev_suit_don_volume	Rate the acceptability of the amount of volume available for 2 crew members to don (put on) the EVA suits	Ordinal	1 - Completely unacceptable; 6 - Completely acceptable	"T01CM2,T01CM1,T04CM3,T01CM4"	125	eva	alk	volume	2	1	1	0	0	0	0	0	0	0	0	0
eva_alk_volume_03	evaev_suit_doff_volume	Rate the acceptability of the amount of volume available for 2 crew members to doff (take off) the EVA suits	Ordinal	1 - Completely unacceptable; 6 - Completely acceptable	"T01CM2,T01CM1,T04CM3,T01CM4"	126	eva	alk	volume	3	1	1	0	0	0	0	0	0	0	0	0
eva_alk_volume_04	overall_node_general_volume	Rate the acceptability of the volume of the airlock for 2 EVA astronauts	Ordinal	1 - Completely unacceptable; 6 - Completely acceptable	"T01CM2,T01CM1,T04CM3,T01CM4"	127	eva	alk	volume	4	1	0	0	0	0	0	1	0	0	0	0
eva_alk_feedback_01	overall_ich_other_	Use this space to explain your previous answers or provide additional feedback on your EVA experience	Free response		"T01CM2,T01CM1,T04CM3,T01CM4"	128	eva	alk	feedback	1	0	0	0	0	0	1	0	0	0	0	0
eva_alk_accessibility_03		Rate the accessibility of the tools required for the EVA	Ordinal	1 - Completely inaccessible; 6 - Completely accessible	"T01CM2,T01CM1,T04CM3,T01CM4"	129	eva	alk	accessibility	3	0	1	0	0	0	0	1	0	0	0	0
eva_ich_volume_01	evaiv_suit_don_volume	Rate the acceptability of the amount of volume available to help don (put on) the EVA suit	Ordinal	1 - Completely unacceptable; 6 - Completely acceptable	"T01CM2,T01CM1,T04CM3,T01CM4"	130	eva	ich	volume	1	0	1	1	0	0	1	0	0	0	0	0
eva_ich_volume_02	evaiv_suit_doff_volume	Rate the acceptability of the amount of volume available to help doff (take off) the EVA suit	Ordinal	1 - Completely unacceptable; 6 - Completely acceptable	"T01CM2,T01CM1,T04CM3,T01CM4"	131	eva	ich	volume	2	0	1	1	0	0	1	0	0	0	0	0
eva_alk_feedback_02		Use this space to explain your previous answers or provide additional feedback on your EVA experience	Free response		"T01CM2,T01CM1,T04CM3,T01CM4"	132	eva	alk	feedback	2	0	0	0	0	0	1	0	0	0	0	0
review_ich_layout_01	overall_habitat_layout_	"Overall, rate the acceptability of the entire space habitat layout"	Ordinal	1 - Completely unacceptable; 6 - Completely acceptable	T01CM4	133	review	ich	layout	1	1	1	1	0	1	1	0	0	0	0	0
review_ich_volume	overall_habitat_longduration_volume	"Overall, rate the acceptability of the volume of the entire space habitat for a crew of 4 for 60 days"	Ordinal	1 - Completely unacceptable; 6 - Completely acceptable	T01CM4	134	review	ich	volume		1	0	0	0	0	0	0	0	0	0	0
review_ich_dividers	overall_ich_dividers_	Would you like any spatial dividers? How would it impact your experience?	Free response		T01CM4	141	review	ich	dividers		0	1	1	0	0	0	0	0	0	0	0
review_alk_smaller	overall_ich_volume_excess	Could the volume of the following spaces be smaller and still acceptable for the tasks you performed? [Airlock]	Binary	Yes;No	T01CM4	142	review	alk	smaller		1	0	0	0	0	0	1	0	0	0	0
review_gly_smaller	overall_ich_volume_excess	Could the volume of the following spaces be smaller and still acceptable for the tasks you performed? [Galley]	Binary	Yes;No	T01CM4	143	review	gly	smaller		1	0	0	0	0	0	1	0	0	0	0
review_slp_smaller	overall_ich_volume_excess	Could the volume of the following spaces be smaller and still acceptable for the tasks you performed? [Sleep Stations]	Binary	Yes;No	T01CM4	144	review	slp	smaller		1	0	0	0	0	0	1	0	0	0	0
review_str_smaller	overall_ich_volume_excess	Could the volume of the following spaces be smaller and still acceptable for the tasks you performed? [Storage]	Binary	Yes;No	T01CM4	145	review	str	smaller		1	0	0	0	0	0	1	0	0	0	0
review_cmd_smaller	overall_ich_volume_excess	Could the volume of the following spaces be smaller and still acceptable for the tasks you performed? [Command Station]	Binary	Yes;No	T01CM4	146	review	cmd	smaller		1	0	0	0	0	0	1	0	0	0	0
review_sci_smaller	overall_ich_volume_excess	Could the volume of the following spaces be smaller and still acceptable for the tasks you performed? [Science]	Binary	Yes;No	T01CM4	147	review	sci	smaller		1	0	0	0	0	0	1	0	0	0	0
review_co2_smaller	overall_ich_volume_excess	Could the volume of the following spaces be smaller and still acceptable for the tasks you performed? [ECLSS]	Binary	Yes;No	T01CM4	148	review	co2	smaller		1	0	0	0	0	0	1	0	0	0	0
review_emr_smaller	overall_ich_volume_excess	Could the volume of the following spaces be smaller and still acceptable for the tasks you performed? [Emergency Path]	Binary	Yes;No	T01CM4	149	review	emr	smaller		1	0	0	0	0	0	1	0	0	0	0
review_ich_safety	overall_ich_safety_	Did any aspect/task feel unsafe due to the layout or volume constraints?	Binary	Yes;No	T01CM4	153	review	ich	safety		1	1	0	0	0	0	0	0	0	0	0
review_ich_safety_c		"If yes, explain"	Comment		T01CM4	154	review	ich	safety		1	1	0	0	0	0	0	0	0	0	0
review_wdw_tasks	overall_ich_windows_practical	To what extent did the presence of windows benefit any tasks you performed?	Ordinal	1 - Not at all; 6 - A great deal	T01CM4	155	review	wdw	tasks		0	0	0	0	0	0	0	0	0	0	0
review_wdw_psych	overall_ich_windows_psych	"For a 60-day mission in cislunar space, to what degree would the presence of windows benefit your psychological well-being?"	Ordinal	1 - Not at all; 6 - A great deal	T01CM4	157	review	wdw	psych		0	0	0	0	0	0	0	0	0	0	0
review_wdw_feedback		Use this space to explain your previous answers or provide additional feedback regarding the windows	Free response		T01CM4	160	review	wdw	feedback		0	0	0	0	0	0	0	0	0	0	0
review_str_storage	overall_ich_storage_volume	"Overall, rate the acceptability of the amount of storage for the items you worked with"	Ordinal	1 - Completely unacceptable; 6 - Completely acceptable	T01CM4	161	review	str	storage		1	0	0	0	0	1	0	0	0	0	0
review_str_feedback		Use this space to explain your previous answer or provide additional feedback regarding storage	Free response		T01CM4	162	review	str	feedback		0	0	0	0	0	1	1	0	0	0	0
review_ich_layout_02	overall_ich_layout_	Identify parts of the habitat where you would change the layout	Multiple Selection	Airlock;Galley;Sleep Stations;Storage;Command;Science;ECLSS;Emergency Path;Technology Development	T01CM4	163	review	ich	layout	2	0	1	0	0	0	0	1	0	0	0	0
review_ich_layout_c		Explain how you would change the layouts of the locations you selected	Comment		T01CM4	164	review	ich	layout		0	1	0	0	0	0	1	0	0	0	0
review_ich_feedback	overall_ich_other_	Is there anything else you'd like to tell us about your experience? Are there any changes you would like made to the habitat?	Free response		T01CM4	165	review	ich	feedback		0	0	0	0	1	1	1	1	0	0	0
review_tec_smaller		Could the volume of the following spaces be smaller and still acceptable for the tasks you performed? [Technology Development]	Binary	Yes;No	T01CM4	150	review	tec	smaller		1	0	0	0	0	0	1	0	0	0	0
crew_champ		Are you a current or former CHAMP team member?	Categorical	No;Yes (current);Yes (former)		5	crew		champ			0	0	0	0	0	0	0	0	0	0
review_wdw_volume		To what degree did the presence of windows affect your perception of volume available in the habitat?	Ordinal	1 - Not at all; 6 - A great deal	"T01,T02"	156	review	wdw	volume		1	0	0	0	0	0	0	0	0	0	0
review_wdw_size		Rate the acceptability of the size of the windows	Ordinal	1 - Completely unacceptable; 6 - Completely acceptable	"T01,T02"		review	wdw	size		1	0	0	0	0	0	0	0	0	0	0
review_wdw_remove		Would the removal of windows reduce the perceived volume of the habitat?	Binary	Yes;No	"T01,T02"	159	review	wdw	remove		1	0	0	0	0	0	0	0	0	0	0
review_wdw_location		Rate the acceptability of the locations of the windows	Ordinal	1 - Completely unacceptable; 6 - Completely acceptable	"T01,T02"	158	review	wdw	location		0	1	0	1	0	0	1	0	0	0	0
review_ich_width		Rate the acceptability of the width of the main habitat corridor	Ordinal	1 - Completely unacceptable; 6 - Completely acceptable	"T01,T02"	139	review	ich	width		1	1	0	0	0	0	1	0	0	0	0
review_ich_height		Rate the acceptability of the height of the habitat ceiling (not including exercise and hygiene areas)	Ordinal	1 - Completely unacceptable; 6 - Completely acceptable	"T01,T02"	140	review	ich	height		1	1	0	0	0	0	1	0	0	0	0
review_exr_smaller		Could the volume of the following spaces be smaller and still acceptable for the tasks you performed? [Exercise Area]	Binary	Yes;No	"T01,T02"	151	review	exr	smaller		1	0	0	0	0	0	1	0	0	0	0
review_hyg_smaller		Could the volume of the following spaces be smaller and still acceptable for the tasks you performed? [Personal Hygiene Area]	Binary	Yes;No	"T01,T02"	152	review	hyg	smaller		1	0	0	0	0	0	1	0	0	0	0
review_hch_rank_01		"Of the hatches you operated, which had the most acceptable actuation mechanism in terms of ease of operation?"	Categorical	PCM forward (to HAB);HAB aft (to PCM);HAB forward (to airlock);Did not operate any hatches	"T01,T02"	136	review	hch	rank	1	0	0	0	0	1	1	0	0	0	0	0
review_hch_rank_05		"Of the hatches you operated, which had the most acceptable actuation mechanism in terms of ease of operation? [HAB aft (to PCM)]"	Categorical	PCM forward (to HAB);HAB aft (to PCM);HAB forward (to airlock);Only operated one hatch	"T01,T02"		review	hch	rank	5	0	0	0	0	1	1	0	0	0	0	0
review_hch_rank_06		"Of the hatches you operated, which had the most acceptable actuation mechanism in terms of ease of operation? [HAB forward (to airlock)]"	Categorical	PCM forward (to HAB);HAB aft (to PCM);HAB forward (to airlock);Operated two or fewer hatches	"T01,T02"		review	hch	rank	6	0	0	0	0	1	1	0	0	0	0	0
review_feedback		Do you have suggestions for how we could improve our test procedures?	Free response		"T01,T02"	166	review		feedback		0	0	0	0	0	1	0	0	0	0	0
review_feedback_c		"If yes, explain"	Comment		"T01,T02"	154	review		feedback		0	0	0	0	0	1	0	0	0	0	0
eva_alk_accessibility_04		Rate the acceptability of the following aspects of the airlock [Accessibility of equipment]	Ordinal	1 - Completely unacceptable; 6 - Completely acceptable	"T01,T02"	120	eva	alk	accessibility	4	0	0	0	0	0	0	1	0	0	0	0
review_cmd_operability		Rate the overall acceptability of the following aspects of the command station for the tasks you performed [Operability]	Ordinal	1 - Completely unacceptable; 6 - Completely acceptable	"T01,T02"	62	review	cmd	operability		0	0	0	0	1	1	0	0	0	0	0
activation_hch_filter		Did you operate any hatches?	Binary	Yes;No	"T01,T02"	26	activation	hch	filter		0	0	0	0	0	1	0	0	0	0	0
emr_hch_filter		Did you operate any hatches during your egress?	Binary	Yes;No	"T01,T02"	104	emr	hch	filter		0	0	0	0	0	0	0	0	0	0	0
eva_hch_filter		Did you operate any hatches during this task?	Binary	Yes;No	"T01,T02"	109	eva	hch	filter		0	0	0	0	0	0	0	0	0	0	0
review_hch_filter		Which of the following hatches did you operate during your activities?	Multiple selection	PCM forward (to HAB);HAB aft (to PCM);HAB forward (to airlock)	"T01,T02"	135	review	hch	filter		0	0	0	0	0	0	0	0	0	0	0
review_hch_rank_02		"Of the hatches you operated, which had the second most acceptable actuation mechanism in terms of ease of operation?"	Categorical	PCM forward (to HAB);HAB aft (to PCM);HAB forward (to airlock);Only operated one hatch	"T01,T02"	137	review	hch	rank	2	0	0	0	0	1	1	0	0	0	0	0
review_hch_rank_03		"Of the hatches you operated, which had the third most acceptable actuation mechanism in terms of ease of operation?"	Categorical	PCM forward (to HAB);HAB aft (to PCM);HAB forward (to airlock);Operated two or fewer hatches	"T01,T02"	138	review	hch	rank	3	0	0	0	0	1	1	0	0	0	0	0
crew_national_01		What is your current nationality?	Free response		"T01,T02"	9	crew		national	1	0	0	0	0	0	0	0	0	0	1	0
crew_national_02		Which country best represents your national  identity?	Free response		"T01,T02"	10	crew		national	2	0	0	0	0	0	0	0	0	0	1	0
crew_languages		List all of the languages you speak	Free response		"T01,T02"	11	crew		languages		0	0	0	0	0	0	0	0	0	1	0
